Equipo,Jugador,Posición,Edad,Nacionalidad,Cotización (USD)
ARGENTINOS JUNIORS,"Acosta, Miguel",Arquero,22,Argentina,"30,000"
ARGENTINOS JUNIORS,"Rodríguez, Diego",Arquero,35,Argentina,"460,000"
ARGENTINOS JUNIORS,"Siri Payer, Gonzalo",Arquero,21,Argentina,"300,000"
ARGENTINOS JUNIORS,"Álvarez, Francisco",Defensor central,24,Argentina,"2,500,000"
ARGENTINOS JUNIORS,"Coronel, Kevin",Lateral derecho,20,Argentina,"300,000"
ARGENTINOS JUNIORS,"Galván, Jonatan",Defensor central,32,Argentina,"400,000"
ARGENTINOS JUNIORS,"Godoy, Erik",Defensor central,31,Argentina,"2,600,000"
ARGENTINOS JUNIORS,"Guillén, Manuel",Lateral derecho,23,Argentina,"500,000"
ARGENTINOS JUNIORS,"Meza, Fernando",Defensor central,34,Argentina,"200,000"
ARGENTINOS JUNIORS,"Palacio, Tobías",Defensor central,17,Argentina,"4,500,000"
ARGENTINOS JUNIORS,"Prieto, Sebastián",Lateral izquierdo,31,Argentina,"550,000"
ARGENTINOS JUNIORS,"Sánchez, Luciano",Lateral derecho,30,Argentina,"225,000"
ARGENTINOS JUNIORS,"Santamaría, Thiago",Lateral derecho,21,Argentina,"1,500,000"
ARGENTINOS JUNIORS,"Vega, Román",Lateral izquierdo,20,Argentina,"3,000,000"
ARGENTINOS JUNIORS,"Cardozo, Juan",Volante,20,Paraguay,"300,000"
ARGENTINOS JUNIORS,"Ferreira, Cristian",Volante,25,Argentina,"1,500,000"
ARGENTINOS JUNIORS,"Gamarra, Ariel",Pivote,21,Paraguay,"900,000"
ARGENTINOS JUNIORS,"Gómez, Lucas",Pivote,20,Argentina,"300,000"
ARGENTINOS JUNIORS,"Heredia, Leonardo",Mediocampista ofensivo,28,Argentina,"1,000,000"
ARGENTINOS JUNIORS,"Herrera, José María",Wing derecho,21,Argentina,"1,000,000"
ARGENTINOS JUNIORS,"Lescano, Alan",Mediocampista ofensivo,21,Argentina,"5,000,000"
ARGENTINOS JUNIORS,"Mac Allister, Francis",Pivote,28,Argentina,"1,300,000"
ARGENTINOS JUNIORS,"Oroz, Nicolás",Mediocampista ofensivo,30,Argentina,"1,000,000"
ARGENTINOS JUNIORS,"Rodríguez, Alan",Volante,24,Uruguay,"1,500,000"
ARGENTINOS JUNIORS,"Viveros, Emiliano",Wing izquierdo,22,Argentina,"500,000"
ARGENTINOS JUNIORS,"Ardaiz, Joaquín",Delantero centro,25,Uruguay,"500,000"
ARGENTINOS JUNIORS,"Báez, Facundo",Delantero centro,20,Argentina,"100,000"
ARGENTINOS JUNIORS,"Díaz Chaves, Mateo",Delantero centro,21,Argentina,"100,000"
ARGENTINOS JUNIORS,"Cordero, Nicolás",Delantero centro,25,Argentina,"1,250,000"
ARGENTINOS JUNIORS,"Molina, Tomás",Delantero centro,29,Argentina,"1,250,000"
ARGENTINOS JUNIORS,"Perelló, Matías",Wing derecho,22,Argentina,"100,000"
ARGENTINOS JUNIORS,"Rodríguez, Santiago",Delantero centro,27,Argentina,"1,900,000"
ARGENTINOS JUNIORS,"Romero, Maximiliano",Delantero centro,25,Argentina,"3,000,000"
ARGENTINOS JUNIORS,"Verón, Gastón",Delantero centro,23,Argentina,"2,000,000"
ATLÉTICO TUCUMÁN,"Durso, Tomás",Arquero,25,Argentina,"2,500,000"
ATLÉTICO TUCUMÁN,"González, Juan Ignacio",Arquero,31,Uruguay,"150,000"
ATLÉTICO TUCUMÁN,"Lescano, Gustavo",Arquero,22,Argentina,"10,000"
ATLÉTICO TUCUMÁN,"Brandán, Moisés",Lateral derecho,24,Argentina,"500,000"
ATLÉTICO TUCUMÁN,"Breitenbruch, Néstor",Lateral derecho,29,Argentina,"350,000"
ATLÉTICO TUCUMÁN,"De Los Santos, Matías",Defensor central,31,Uruguay,"400,000"
ATLÉTICO TUCUMÁN,"Ferrari, Gianluca",Defensor central,27,Argentina,"425,000"
ATLÉTICO TUCUMÁN,"Flores, Francisco",Defensor central,22,Argentina,"950,000"
ATLÉTICO TUCUMÁN,"Infante, Juan",Lateral izquierdo,28,Argentina,"650,000"
ATLÉTICO TUCUMÁN,"Orihuela, Matías",Lateral izquierdo,32,Argentina,"400,000"
ATLÉTICO TUCUMÁN,"Peruzzi, Gino",Lateral derecho,32,Argentina,"250,000"
ATLÉTICO TUCUMÁN,"Romero, Nicolás",Defensor central,20,Argentina,"4,000,000"
ATLÉTICO TUCUMÁN,"Acosta, Guillermo",Volante,36,Argentina,"200,000"
ATLÉTICO TUCUMÁN,"Castro Ponce, Tomás",Interior derecho,23,Argentina,"100,000"
ATLÉTICO TUCUMÁN,"Castro, Nicolás",Volante,34,Argentina,"275,000"
ATLÉTICO TUCUMÁN,"Godoy, Lautaro",Mediocampista ofensivo,21,Argentina,"350,000"
ATLÉTICO TUCUMÁN,"Melo, Rodrigo",Pivote,29,Argentina,"400,000"
ATLÉTICO TUCUMÁN,"Sánchez, Adrián",Volante,25,Argentina,"1,800,000"
ATLÉTICO TUCUMÁN,"Tesuri, Renzo",Interior derecho,28,Argentina,"1,500,000"
ATLÉTICO TUCUMÁN,"Ambrogio, Lucas",Wing izquierdo,25,Argentina,"300,000"
ATLÉTICO TUCUMÁN,"Bajamich, Mateo",Wing derecho,25,Argentina,"1,000,000"
ATLÉTICO TUCUMÁN,"Bonfiglio, Francisco",Delantero centro,22,Argentina,"25,000"
ATLÉTICO TUCUMÁN,"Coronel, Mateo",Delantero centro,25,Argentina,"4,000,000"
ATLÉTICO TUCUMÁN,"Estigarribia, Marcelo",Delantero centro,29,Argentina,"700,000"
ATLÉTICO TUCUMÁN,"Giani, Justo",Wing derecho,25,Argentina,"600,000"
ATLÉTICO TUCUMÁN,"Nicola, Franco",Wing izquierdo,22,Uruguay,"350,000"
ATLÉTICO TUCUMÁN,"Rodríguez, Luis Miguel",Mediocampista ofensivo,39,Argentina,"125,000"
BANFIELD,"Devecchi, José",Arquero,29,Argentina,"1,000,000"
BANFIELD,"Sanguinetti, Facundo",Arquero,23,Argentina,"1,000,000"
BANFIELD,"Vila, Facundo",Arquero,21,Argentina,"250,000"
BANFIELD,"Aranda, Gabriel",Defensor central,23,Argentina,"350,000"
BANFIELD,"Bonifacio, Ezequiel",Lateral derecho,30,Argentina,"200,000"
BANFIELD,"Cardozo, Lautaro",Defensor central,22,Argentina,"250,000"
BANFIELD,"De Ritis, Mathías",Lateral izquierdo,21,Uruguay,"500,000"
BANFIELD,"Di Luciano, Ramiro",Lateral derecho,20,Argentina,"300,000"
BANFIELD,"Enrique, Guillermo",Lateral derecho,24,Argentina,"2,000,000"
BANFIELD,"Hernández, Nicolás",Defensor central,26,Colombia,"700,000"
BANFIELD,"Insúa, Emanuel",Lateral izquierdo,33,Argentina,"200,000"
BANFIELD,"Iribarren, Juan",Lateral derecho,21,Argentina,"300,000"
BANFIELD,"Maciel, Alejandro",Defensor central,27,Argentina,"1,500,000"
BANFIELD,"Maldonado, Alexis",Defensor central,27,Argentina,"300,000"
BANFIELD,"Pérez, Mateo",Defensor central,23,Argentina,"100,000"
BANFIELD,"Recalde, Luciano",Defensor central,29,Argentina,"400,000"
BANFIELD,"Bundgaard, Alexander",Wing derecho,21,Argentina,"250,000"
BANFIELD,"Cabrera, Alejandro",Pivote,32,Argentina,"550,000"
BANFIELD,"Cañete, Ezequiel",Volante,25,Argentina,"600,000"
BANFIELD,"Díaz, Damián",Mediocampista ofensivo,38,Argentina,"250,000"
BANFIELD,"Gómez, Lautaro",Mediocampista ofensivo,21,Argentina,"200,000"
BANFIELD,"González, Matías",Mediocampista ofensivo,22,Argentina,"700,000"
BANFIELD,"Medina, Federico",Wing derecho,20,Argentina,"450,000"
BANFIELD,"Núñez, Cristian",Pivote,27,Paraguay,"800,000"
BANFIELD,"Obando, Agustín",Wing izquierdo,24,Argentina,"200,000"
BANFIELD,"Palavecino, Lucas",Volante,20,Argentina,"75,000"
BANFIELD,"Rodríguez, Ignacio",Mediocampista ofensivo,22,Argentina,"2,500,000"
BANFIELD,"Rodríguez, Yonatan",Pivote,31,Uruguay,"400,000"
BANFIELD,"Soraire, Jesús",Volante,35,Argentina,"250,000"
BANFIELD,"Villegas, Lautaro",Delantero centro,28,Argentina,"20,000"
BANFIELD,"Álvarez, Juan Pablo",Wing derecho,28,Argentina,"1,500,000"
BANFIELD,"Bisanz, Juan Francisco",Wing derecho,23,Argentina,"3,000,000"
BANFIELD,"Echeverría, Marcos",Delantero centro,21,Argentina,"50,000"
BANFIELD,"Galván, Braian",Wing derecho,23,Argentina,"1,250,000"
BANFIELD,"Garate, Leandro",Delantero centro,31,Argentina,"750,000"
BANFIELD,"Piñero, Lisandro",Wing izquierdo,17,Argentina,"300,000"
BANFIELD,"Rivera, Gerónimo",Wing izquierdo,21,Argentina,"4,000,000"
BANFIELD,"Roldán, Mauricio",Delantero centro,19,Argentina,"200,000"
BANFIELD,"Sepúlveda, Bruno",Delantero centro,32,Argentina,"650,000"
BARRACAS CENTRAL,"Ferrario, Rafael",Arquero,24,Argentina,"25,000"
BARRACAS CENTRAL,"Miño, Marcelo",Arquero,27,Argentina,"350,000"
BARRACAS CENTRAL,"Moyano, Sebastián",Arquero,34,Argentina,"400,000"
BARRACAS CENTRAL,"Capraro, Nicolás",Defensor central,26,Argentina,"1,500,000"
BARRACAS CENTRAL,"Demartini, Nicolás",Defensor central,25,Argentina,"500,000"
BARRACAS CENTRAL,"Faggioli, Lucas",Defensor central,27,Argentina,"200,000"
BARRACAS CENTRAL,"Goñi, Gonzalo",Defensor central,26,Argentina,"2,000,000"
BARRACAS CENTRAL,"Insúa, Rodrigo",Lateral izquierdo,26,Argentina,"800,000"
BARRACAS CENTRAL,"Irazoque, Agustín",Defensor central,24,Argentina,"150,000"
BARRACAS CENTRAL,"Tolosa, Nicolás",Lateral izquierdo,23,Argentina,"100,000"
BARRACAS CENTRAL,"Velurtas, Pedro",Lateral derecho,23,Argentina,"150,000"
BARRACAS CENTRAL,"Herrera, Rodrigo",Pivote,24,Argentina,"1,200,000"
BARRACAS CENTRAL,"Iacobellis, Marco",Mediocampista ofensivo,24,Argentina,"500,000"
BARRACAS CENTRAL,"Sánchez, Carlos",Pivote,38,Colombia,"50,000"
BARRACAS CENTRAL,"Mater, Facundo",Interior derecho,26,Argentina,"2,500,000"
BARRACAS CENTRAL,"Miloc, Dardo",Pivote,34,Argentina,"75,000"
BARRACAS CENTRAL,"Puig, Maximiliano",Volante,24,Argentina,"150,000"
BARRACAS CENTRAL,"Rosané, Siro",Pivote,24,Argentina,"1,500,000"
BARRACAS CENTRAL,"Ruiz, Javier",Mediocampista ofensivo,20,Argentina,"500,000"
BARRACAS CENTRAL,"Tapia, Iván",Mediocampista ofensivo,25,Argentina,"1,500,000"
BARRACAS CENTRAL,"Zalazar, Maximiliano",Wing derecho,23,Argentina,"2,000,000"
BARRACAS CENTRAL,"Aguirre, Federico",Delantero centro,22,Argentina,"50,000"
BARRACAS CENTRAL,"Brochero, Lucas",Wing derecho,25,Argentina,"800,000"
BARRACAS CENTRAL,"Bruera, Facundo",Delantero centro,26,Argentina,"800,000"
BARRACAS CENTRAL,"Candia, Jhonatan",Delantero centro,29,Uruguay,"300,000"
BARRACAS CENTRAL,"Cantero, Alan",Delantero centro,26,Argentina,"1,000,000"
BARRACAS CENTRAL,"Coronel, Santiago",Interior izquierdo,24,Argentina,"300,000"
BARRACAS CENTRAL,"Domínguez, Alexis",Delantero centro,28,Argentina,"600,000"
BARRACAS CENTRAL,"Duarte, Manuel",Mediocampista ofensivo,23,Argentina,"500,000"
BARRACAS CENTRAL,"Juárez, Alex",Wing derecho,20,Argentina,"50,000"
BARRACAS CENTRAL,"Juárez, Daniel",Wing derecho,23,Argentina,"300,000"
BARRACAS CENTRAL,"Krüger, Facundo",Delantero centro,24,Argentina,"100,000"
BARRACAS CENTRAL,"Villalba, Santiago",Mediapunta,20,Argentina,"25,000"
BELGRANO ,"Argayo, Lucas",Arquero,21,Argentina,"300,000"
BELGRANO ,"Chicco, Ignacio",Arquero,28,Argentina,"1,300,000"
BELGRANO ,"Daniele, Matías",Arquero,20,Argentina,"150,000"
BELGRANO ,"Espínola, Juan",Arquero,30,Paraguay,"300,000"
BELGRANO ,"Baldi, Agustín",Defensor central,22,Argentina,"30,000"
BELGRANO ,"Bernabéu, Lucas",Defensor central,20,Argentina,"25,000"
BELGRANO ,"Compagnucci, Gabriel",Interior derecho,33,Argentina,"250,000"
BELGRANO ,"Delgado, Rafael",Lateral izquierdo,34,Argentina,"150,000"
BELGRANO ,"Facello, Francisco",Lateral derecho,21,Argentina,"100,000"
BELGRANO ,"Heredia, Gerónimo",Pivote,19,Argentina,"400,000"
BELGRANO ,"Leguizamón, Aníbal",Defensor central,32,Argentina,"650,000"
BELGRANO ,"Meriano, Nicolás",Defensor central,23,Argentina,"1,200,000"
BELGRANO ,"Rébola, Alejandro",Defensor central,36,Argentina,"125,000"
BELGRANO ,"Troilo, Mariano",Defensor central,21,Argentina,"2,500,000"
BELGRANO ,"Bustos, Lucas",Volante,19,Argentina,"25,000"
BELGRANO ,"González Metilli, Francisco",Mediocampista ofensivo,27,Argentina,"2,000,000"
BELGRANO ,"Hernandes, Ramiro",Volante,19,Argentina,"20,000"
BELGRANO ,"Lencioni, Facundo",Wing izquierdo,23,Argentina,"600,000"
BELGRANO ,"Lucco, Jeremías",Mediocampista ofensivo,18,Argentina,"250,000"
BELGRANO ,"Marín, Matías",Volante,24,Chile,"1,000,000"
BELGRANO ,"Menossi, Lucas",Volante,32,Argentina,"750,000"
BELGRANO ,"Quignón, Facundo",Pivote,31,Argentina,"1,200,000"
BELGRANO ,"Rolón, Esteban",Pivote,29,Argentina,"600,000"
BELGRANO ,"Sánchez, Ulises",Wing derecho,26,Argentina,"4,500,000"
BELGRANO ,"Tapia, Ignacio",Mediocampista ofensivo,20,Argentina,"50,000"
BELGRANO ,"Chavarría, Pablo",Delantero centro,36,Argentina,"125,000"
BELGRANO ,"Fernández, Nicolás Emanuel",Delantero centro,28,Argentina,"5,000,000"
BELGRANO ,"Jara, Franco",Delantero centro,36,Argentina,"200,000"
BELGRANO ,"Oses, Máximo",Wing izquierdo,19,Argentina,"25,000"
BELGRANO ,"Passerini, Lucas",Delantero centro,30,Argentina,"3,200,000"
BELGRANO ,"Rami, Franco",Delantero centro,21,Argentina,"35,000"
BELGRANO ,"Reyna, Bryan",Wing izquierdo,26,Perú,"2,500,000"
BELGRANO ,"Suárez, Matías",Delantero centro,36,Argentina,"150,000"
BELGRANO ,"Velázquez, Juan",Wing izquierdo,19,Argentina,"1,500,000"
BOCA JUNIORS,"Brey, Leandro",Arquero,22,Argentina,"1,000,000"
BOCA JUNIORS,"García, Javier",Arquero,37,Argentina,"25,000"
BOCA JUNIORS,"Romero, Sergio",Arquero,37,Argentina,"400,000"
BOCA JUNIORS,"Advíncula, Luis",Lateral derecho,34,Perú,"800,000"
BOCA JUNIORS,"Anselmino, Aarón",Defensor central,19,Argentina,"8,000,000"
BOCA JUNIORS,"Barinaga, Juan",Lateral derecho,24,Argentina,"4,000,000"
BOCA JUNIORS,"Blanco, Lautaro",Lateral izquierdo,25,Argentina,"5,000,000"
BOCA JUNIORS,"Blondel, Lucas",Lateral derecho,28,Argentina,"2,500,000"
BOCA JUNIORS,"Di Lollo, Lautaro",Defensor central,20,Argentina,"500,000"
BOCA JUNIORS,"Fabra, Frank",Lateral izquierdo,33,Colombia,"300,000"
BOCA JUNIORS,"Figal, Nicolás",Defensor central,30,Argentina,"2,000,000"
BOCA JUNIORS,"Gorosito, Dylan",Lateral derecho,18,Argentina,"500,000"
BOCA JUNIORS,"Lema, Cristian",Defensor central,34,Argentina,"1,000,000"
BOCA JUNIORS,"Medel, Gary",Defensor central,37,Chile,"400,000"
BOCA JUNIORS,"Mendía, Mateo",Defensor central,20,Argentina,"500,000"
BOCA JUNIORS,"Molas, Ariel",Defensor central,20,Argentina,"200,000"
BOCA JUNIORS,"Rojo, Marcos",Defensor central,34,Argentina,"800,000"
BOCA JUNIORS,"Saracchi, Marcelo",Lateral izquierdo,26,Uruguay,"1,500,000"
BOCA JUNIORS,"Belmonte, Tomás",Pivote,26,Argentina,"5,000,000"
BOCA JUNIORS,"Benítez, Mauricio",Pivote,20,Argentina,"600,000"
BOCA JUNIORS,"Ceballos, Julián",Mediocampista ofensivo,20,Argentina,"750,000"
BOCA JUNIORS,"Delgado, Milton",Pivote,19,Argentina,"450,000"
BOCA JUNIORS,"Fernández, Guillermo",Volante,33,Argentina,"2,000,000"
BOCA JUNIORS,"Martegani, Agustín",Mediocampista ofensivo,24,Argentina,"2,000,000"
BOCA JUNIORS,"Medina, Cristian",Volante,22,Argentina,"14,000,000"
BOCA JUNIORS,"Miramón, Ignacio",Pivote,21,Argentina,"3,000,000"
BOCA JUNIORS,"Ramírez, Juan",Volante,31,Argentina,"300,000"
BOCA JUNIORS,"Saralegui, Jabes",Interior derecho,21,Argentina,"2,500,000"
BOCA JUNIORS,"Zenón, Kevin",Wing izquierdo,23,Argentina,"12,000,000"
BOCA JUNIORS,"Aguirre, Brian",Wing izquierdo,21,Argentina,"7,500,000"
BOCA JUNIORS,"Cavani, Edinson",Delantero centro,37,Argentina,"1,000,000"
BOCA JUNIORS,"Giménez, Milton",Delantero centro,28,Argentina,"3,000,000"
BOCA JUNIORS,"Janson, Lucas",Wing derecho,30,Argentina,"1,500,000"
BOCA JUNIORS,"Merentiel, Miguel",Delantero centro,28,Argentina,"7,000,000"
BOCA JUNIORS,"Zeballos, Exequiel",Wing derecho,22,Argentina,"5,000,000"
BOCA JUNIORS,"Zufiaurre, Iker",Wing derecho,19,Argentina,"600,000"
CENTRAL CÓRDOBA (SDE),"Bursich, Lautaro",Arquero,22,Argentina,"20,000"
CENTRAL CÓRDOBA (SDE),"Cuevas, Lucas",Arquero,21,Argentina,"50,000"
CENTRAL CÓRDOBA (SDE),"Juárez, Daniel",Arquero,22,Argentina,"70,000"
CENTRAL CÓRDOBA (SDE),"Ingolotti, Luis",Arquero,24,Argentina,"700,000"
CENTRAL CÓRDOBA (SDE),"Abascia, Lucas",Defensor central,28,Argentina,"350,000"
CENTRAL CÓRDOBA (SDE),"Andueza, Federico",Defensor central,24,Uruguay,"300,000"
CENTRAL CÓRDOBA (SDE),"Barrios, Rafael",Lateral derecho,31,Argentina,"125,000"
CENTRAL CÓRDOBA (SDE),"Casermeiro, Yuri",Defensor central,22,Argentina,"25,000"
CENTRAL CÓRDOBA (SDE),"Galván Vittar, Ignacio",Defensor central,20,Argentina,"25,000"
CENTRAL CÓRDOBA (SDE),"Gómez, José",Lateral derecho,24,Argentina,"300,000"
CENTRAL CÓRDOBA (SDE),"Laquidain, Santiago",Defensor central,23,Argentina,"250,000"
CENTRAL CÓRDOBA (SDE),"Marchi, Leonardo",Lateral izquierdo,28,Argentina,"100,000"
CENTRAL CÓRDOBA (SDE),"Martínez, Fernando",Lateral derecho,24,Argentina,"75,000"
CENTRAL CÓRDOBA (SDE),"Meli, Juan",Lateral izquierdo,24,Argentina,"375,000"
CENTRAL CÓRDOBA (SDE),"Montoya, Lautaro",Lateral izquierdo,30,Argentina,"125,000"
CENTRAL CÓRDOBA (SDE),"Pillud, Iván",Lateral derecho,38,Argentina,"25,000"
CENTRAL CÓRDOBA (SDE),"Rak, Yonatthan",Defensor central,31,Uruguay,"450,000"
CENTRAL CÓRDOBA (SDE),"Rivero, Lautaro",Defensor central,21,Argentina,"150,000"
CENTRAL CÓRDOBA (SDE),"Trindade, Gonzalo",Lateral izquierdo,20,Argentina,"150,000"
CENTRAL CÓRDOBA (SDE),"Valdez, Sebastián",Defensor central,28,Argentina,"425,000"
CENTRAL CÓRDOBA (SDE),"Aragón, Franco",Mediocampista ofensivo,30,Argentina,"175,000"
CENTRAL CÓRDOBA (SDE),"Atencio, Rodrigo",Wing derecho,22,Argentina,"1,800,000"
CENTRAL CÓRDOBA (SDE),"Cabrera, Elías",Mediocampista ofensivo,21,Argentina,"600,000"
CENTRAL CÓRDOBA (SDE),"Florentín, José",Volante,28,Paraguay,"1,000,000"
CENTRAL CÓRDOBA (SDE),"Palavecino, Manuel",Volante,21,Argentina,"60,000"
CENTRAL CÓRDOBA (SDE),"Rojas, Braian",Volante,20,Argentina,"50,000"
CENTRAL CÓRDOBA (SDE),"Sánchez, Luis",Mediocampista ofensivo,24,Colombia,"350,000"
CENTRAL CÓRDOBA (SDE),"Vázquez, Kevin",Pivote,23,Argentina,"700,000"
CENTRAL CÓRDOBA (SDE),"Vega, Cristian",Pivote,31,Argentina,"225,000"
CENTRAL CÓRDOBA (SDE),"Angulo, Luis Miguel",Wing izquierdo,20,Colombia,"450,000"
CENTRAL CÓRDOBA (SDE),"Benítez, Matías",Delantero centro,23,Argentina,"100,000"
CENTRAL CÓRDOBA (SDE),"Cabral, Favio",Delantero centro,23,Argentina,"75,000"
CENTRAL CÓRDOBA (SDE),"Cansinos, Ramón",Delantero centro,22,Argentina,"75,000"
CENTRAL CÓRDOBA (SDE),"Díaz Cantoni, Matías",Delantero centro,20,Argentina,"30,000"
CENTRAL CÓRDOBA (SDE),"Godoy, Matías",Wing izquierdo,22,Argentina,"1,200,000"
CENTRAL CÓRDOBA (SDE),"Morales, Agustín",Wing derecho,25,Argentina,"125,000"
CENTRAL CÓRDOBA (SDE),"Quagliata, Nicolás",Wing izquierdo,25,Uruguay,"800,000"
CENTRAL CÓRDOBA (SDE),"Segovia, Alexis",Wing derecho,20,Argentina,"100,000"
CENTRAL CÓRDOBA (SDE),"Varaldo, Lucas",Delantero centro,22,Argentina,"175,000"
DEFENSA Y JUSTICA,"Bologna, Enrique",Arquero,42,Argentina,"2,000,000"
DEFENSA Y JUSTICA,"Escobar, Lucas",Arquero,22,Argentina,"25,000"
DEFENSA Y JUSTICA,"Fiermarín, Cristopher",Arquero,26,Uruguay,"20,000"
DEFENSA Y JUSTICA,"González, Máximo",Arquero,19,Argentina,"25,000"
DEFENSA Y JUSTICA,"Aguilera, Emanuel",Defensor central,35,Argentina,"250,000"
DEFENSA Y JUSTICA,"Berizovsky, Andrés",Defensor central,20,Argentina,"50,000"
DEFENSA Y JUSTICA,"Cáceres, Darío",Lateral izquierdo,26,Paraguay,"500,000"
DEFENSA Y JUSTICA,"Cannavó, Ezequiel",Lateral derecho,22,Argentina,"300,000"
DEFENSA Y JUSTICA,"Ferreira, Lucas",Defensor central,24,Uruguay,"600,000"
DEFENSA Y JUSTICA,"Ferreyra, Tiago",Defensor central,22,Argentina,"75,000"
DEFENSA Y JUSTICA,"Galván, Ignacio",Lateral izquierdo,22,Argentina,"250,000"
DEFENSA Y JUSTICA,"Lucero, Samuel",Defensor central,19,Argentina,"150,000"
DEFENSA Y JUSTICA,"Portillo, Ayrton",Wing derecho,24,Argentina,"250,000"
DEFENSA Y JUSTICA,"Ramos Mingo, Santiago",Defensor central,22,Argentina,"3,000,000"
DEFENSA Y JUSTICA,"Rubio, Tobías",Lateral derecho,20,Argentina,"1,500,000"
DEFENSA Y JUSTICA,"Soto, Alexis",Lateral izquierdo,31,Argentina,"1,750,000"
DEFENSA Y JUSTICA,"Alanís, Gabriel",Interior izquierdo,30,Argentina,"1,000,000"
DEFENSA Y JUSTICA,"Barbona, David",Mediocampista ofensivo,29,Argentina,"1,850,000"
DEFENSA Y JUSTICA,"Bogarín, Rodrigo",Mediocampista ofensivo,27,Paraguay,"750,000"
DEFENSA Y JUSTICA,"González, Maximiliano",Pivote,20,Argentina,"400,000"
DEFENSA Y JUSTICA,"Gutiérrez, Kevin",Pivote,27,Argentina,"3,500,000"
DEFENSA Y JUSTICA,"López, Julián",Pivote,24,Argentina,"2,500,000"
DEFENSA Y JUSTICA,"López, Kevin",Volante,22,Argentina,"1,250,000"
DEFENSA Y JUSTICA,"Molinas, Aarón",Mediocampista ofensivo,24,Argentina,"2,000,000"
DEFENSA Y JUSTICA,"Palavecino, Nicolás",Mediocampista ofensivo,21,Argentina,"350,000"
DEFENSA Y JUSTICA,"Pérez, César",Volante,21,Chile,"2,000,000"
DEFENSA Y JUSTICA,"Ramírez, Matías",Wing izquierdo,25,Argentina,"175,000"
DEFENSA Y JUSTICA,"Schamine, Benjamín",Pivote,21,Argentina,"123,000"
DEFENSA Y JUSTICA,"Echevarría, Facundo",Delantero centro,22,Argentina,"100,000"
DEFENSA Y JUSTICA,"Herrera, Luciano",Wing derecho,28,Argentina,"1,000,000"
DEFENSA Y JUSTICA,"Miritello, Juan",Delantero centro,25,Argentina,"1,000,000"
DEFENSA Y JUSTICA,"Osorio, Abiel",Delantero centro,22,Argentina,"1,500,000"
DEFENSA Y JUSTICA,"Sosa, Matías",Wing derecho,23,Argentina,"75,000"
DEFENSA Y JUSTICA,"Togni, Gastón",Wing izquierdo,27,Argentina,"3,500,000"
RIESTRA,"Arce, Ignacio",Arquero,32,Argentina,"450,000"
RIESTRA,"Barceló, Jaime",Arquero,25,Argentina,"30,000"
RIESTRA,"Manganelli, Nahuel",Arquero,23,Argentina,"25,000"
RIESTRA,"Saracho, Rodrigo",Arquero,30,Argentina,"125,000"
RIESTRA,"Barrionuevo, Alan",Defensor central,27,Argentina,"800,000"
RIESTRA,"Benítez, Gustavo",Defensor central,38,Argentina,"10,000"
RIESTRA,"Caro Torres, Nicolás",Defensor central,29,Argentina,"300,000"
RIESTRA,"Cavallera, Rodrigo",Defensor central,24,Argentina,"20,000"
RIESTRA,"James, Jeremías",Defensor central,23,Argentina,"50,000"
RIESTRA,"Minervino, Delfor",Lateral derecho,28,Argentina,"275,000"
RIESTRA,"Murillo, Yeison",Defensor central,30,Colombia,"50,000"
RIESTRA,"Paz, Cristian",Defensor central,29,Argentina,"350,000"
RIESTRA,"Ramírez, Pedro",Lateral izquierdo,24,Argentina,"600,000"
RIESTRA,"Sansotre, Nicolás",Lateral derecho,31,Argentina,"175,000"
RIESTRA,"Sayavedra, Rodrigo",Wing izquierdo,29,Argentina,"100,000"
RIESTRA,"Villoldo, Tomás",Lateral izquierdo,29,Argentina,"50,000"
RIESTRA,"Borja, Joaquín",Volante,22,Argentina,"25,000"
RIESTRA,"Bravo, Gonzalo",Mediocampista ofensivo,34,Argentina,"25,000"
RIESTRA,"Goitía, Jonatan",Lateral derecho,30,Argentina,"375,000"
RIESTRA,"Goya, Jonatan",Mediocampista ofensivo,35,Argentina,"10,000"
RIESTRA,"Landriel, Leonardo",Volante,28,Argentina,"100,000"
RIESTRA,"Monje, Pablo",Volante,27,Argentina,"350,000"
RIESTRA,"Pereira, Guillermo",Interior derecho,30,Argentina,"100,000"
RIESTRA,"Rodríguez, Maximiliano",Lateral derecho,36,Argentina,"50,000"
RIESTRA,"Rodríguez, Walter",Pivote,29,Paraguay,"125,000"
RIESTRA,"Alonso, Antony",Delantero centro,26,Uruguay,"25,000"
RIESTRA,"Benegas, Nicolás",Delantero centro,28,Argentina,"600,000"
RIESTRA,"Brito, Maximiliano",Delantero centro,33,Uruguay,"25,000"
RIESTRA,"Céliz, Milton",Delantero centro,32,Argentina,"225,000"
RIESTRA,"Díaz, Alexander",Delantero centro,24,Argentina,"500,000"
RIESTRA,"Fernández, Gustavo",Delantero centro,34,Argentina,"100,000"
RIESTRA,"Herrera, Jonathan",Delantero centro,33,Argentina,"400,000"
RIESTRA,"Martins, Juan Cruz",Delantero centro,21,Argentina,"20,000"
RIESTRA,"Sanabria, Mario",Wing derecho,22,Argentina,"175,000"
RIESTRA,"Sánchez, Braian",Mediocampista ofensivo,31,Argentina,"75,000"
ESTUDIANTES DE LA PLATA,"Borzone, Rodrigo",Arquero,20,Argentina,"25,000"
ESTUDIANTES DE LA PLATA,"Iacovich, Fabricio",Arquero,22,Argentina,"250,000"
ESTUDIANTES DE LA PLATA,"Mansilla, Matías",Arquero,28,Argentina,"3,500,000"
ESTUDIANTES DE LA PLATA,"Arzamendia, Santiago",Lateral izquierdo,26,Paraguay,"1,200,000"
ESTUDIANTES DE LA PLATA,"Benedetti, Gastón",Lateral izquierdo,23,Argentina,"3,800,000"
ESTUDIANTES DE LA PLATA,"Boselli, Sebastián",Defensor central,20,Uruguay,"3,000,000"
ESTUDIANTES DE LA PLATA,"Dall'Aglio, Emanuel",Defensor central,19,Argentina,"25,000"
ESTUDIANTES DE LA PLATA,"Fernández, Federico",Defensor central,35,Argentina,"300,000"
ESTUDIANTES DE LA PLATA,"Flores, Santiago",Defensor central,23,Argentina,"175,000"
ESTUDIANTES DE LA PLATA,"Gómez, Román",Lateral derecho,20,Argentina,"25,000"
ESTUDIANTES DE LA PLATA,"Lollo, Luciano",Defensor central,37,Argentina,"100,000"
ESTUDIANTES DE LA PLATA,"Meza, Eric",Lateral derecho,25,Argentina,"1,500,000"
ESTUDIANTES DE LA PLATA,"Rodríguez, Facundo",Defensor central,24,Argentina,"800,000"
ESTUDIANTES DE LA PLATA,"Altamirano, Javier",Mediocampista ofensivo,25,Chile,"1,800,000"
ESTUDIANTES DE LA PLATA,"Amondarain, Mikel",Volante,19,Argentina,"20,000"
ESTUDIANTES DE LA PLATA,"Ascacíbar, Santiago",Volante,27,Argentina,"6,000,000"
ESTUDIANTES DE LA PLATA,"Atum, Axel",Volante,18,Argentina,"275,000"
ESTUDIANTES DE LA PLATA,"Benedetti, Nehuén",Volante,19,Argentina,"25,000"
ESTUDIANTES DE LA PLATA,"Kociubinski, Bautista",Volante,23,Argentina,"300,000"
ESTUDIANTES DE LA PLATA,"Manyoma, Alexis",Wing izquierdo,21,Colombia,"500,000"
ESTUDIANTES DE LA PLATA,"Neves, Gabriel",Pivote,27,Uruguay,"1,800,000"
ESTUDIANTES DE LA PLATA,"Palacios, Tiago",Wing derecho,23,Uruguay,"2,800,000"
ESTUDIANTES DE LA PLATA,"Pérez, Enzo",Pivote,38,Argentina,"600,000"
ESTUDIANTES DE LA PLATA,"Sosa, José",Mediocampista ofensivo,39,Argentina,"175,000"
ESTUDIANTES DE LA PLATA,"Carrillo, Guido",Delantero centro,33,Argentina,"400,000"
ESTUDIANTES DE LA PLATA,"Cetré, Edwuin",Wing izquierdo,26,Colombia,"3,500,000"
ESTUDIANTES DE LA PLATA,"Giménez, Luciano",Delantero centro,24,Argentina,"900,000"
ESTUDIANTES DE LA PLATA,"Méndez, Mauro",Delantero centro,25,Argentina,"2,000,000"
ESTUDIANTES DE LA PLATA,"Pérez, Fabricio",Delantero centro,18,Argentina,"25,000"
ESTUDIANTES DE LA PLATA,"Piatti, Pablo",Mediocampista ofensivo,35,Argentina,"200,000"
GIMNASIA,"Insfrán, Nelson",Arquero,29,Argentina,"800,000"
GIMNASIA,"Kadijevic, Julián",Arquero,20,Argentina,"25,000"
GIMNASIA,"Ledesma, Marcos",Arquero,28,Argentina,"700,000"
GIMNASIA,"Blasi, Brian",Defensor central,28,Argentina,"200,000"
GIMNASIA,"Cabral, Jonathan",Defensor central,32,Argentina,"375,000"
GIMNASIA,"Canto, Gustavo",Defensor central,30,Argentina,"375,000"
GIMNASIA,"Colazo, Nicolás",Lateral izquierdo,34,Argentina,"150,000"
GIMNASIA,"Corbalán, Fabricio",Lateral derecho,21,Argentina,"25,000"
GIMNASIA,"Cortazzo, Juan Cruz",Defensor central,18,Argentina,"25,000"
GIMNASIA,"Gallo, Rodrigo",Lateral izquierdo,24,Argentina,"125,000"
GIMNASIA,"Martínez, Enzo",Defensor central,26,Argentina,"750,000"
GIMNASIA,"Morales, Leonardo",Defensor central,33,Argentina,"1,000,000"
GIMNASIA,"Pintado, Juan",Lateral derecho,27,Uruguay,"1,700,000"
GIMNASIA,"Rodríguez, Valentín",Lateral izquierdo,23,Uruguay,"600,000"
GIMNASIA,"Bolívar, Agustín",Pivote,28,Argentina,"250,000"
GIMNASIA,"Castro, Lucas",Mediocampista ofensivo,35,Argentina,"225,000"
GIMNASIA,"De Blasis, Pablo",Mediocampista ofensivo,36,Argentina,"300,000"
GIMNASIA,"Fernández, Martín",Volante,23,Uruguay,"425,000"
GIMNASIA,"Garayalde, Nicolás",Volante,25,Argentina,"1,000,000"
GIMNASIA,"Mamut, Leandro",Mediocampista ofensivo,20,Argentina,"125,000"
GIMNASIA,"Max, Augusto",Volante,32,Argentina,"200,000"
GIMNASIA,"Miranda, Matías",Volante,24,Argentina,"100,000"
GIMNASIA,"Zappulla, Ignacio",Mediocampista ofensivo,21,Argentina,"25,000"
GIMNASIA,"Abaldo, Matías",Wing derecho,20,Uruguay,"3,500,000"
GIMNASIA,"Briasco, Norberto",Wing derecho,28,Armenia,"350,000"
GIMNASIA,"Castillo, Rodrigo",Delantero centro,25,Argentina,"1,000,000"
GIMNASIA,"Esquivel, Juan Cruz",Wing izquierdo,24,Argentina,"500,000"
GIMNASIA,"Mammini, Ivo",Delantero centro,21,Argentina,"800,000"
GIMNASIA,"Merlo, Jeremías",Wing izquierdo,18,Argentina,"20,000"
GIMNASIA,"Panaro, Manuel",Wing derecho,21,Argentina,"25,000"
GIMNASIA,"Primante, Santino",Delantero centro,19,Argentina,"20,000"
GIMNASIA,"Troyansky, Franco",Delantero centro,27,Argentina,"300,000"
GIMNASIA,"Zalazar, David",Wing izquierdo,22,Argentina,"350,000"
GODOY CRUZ,"Petroli, Franco",Arquero,26,Argentina,"3,000,000"
GODOY CRUZ,"Ramírez, Roberto",Arquero,28,Argentina,"275,000"
GODOY CRUZ,"Salinas, Edilson",Arquero,22,Argentina,"20,000"
GODOY CRUZ,"Arce, Lucas",Lateral derecho,27,Argentina,"1,800,000"
GODOY CRUZ,"Ardiles, Facundo",Lateral derecho,26,Argentina,"125,000"
GODOY CRUZ,"Barrios, Pier",Defensor central,34,Argentina,"250,000"
GODOY CRUZ,"Butti, Facundo",Defensor central,24,Argentina,"75,000"
GODOY CRUZ,"Canela, Nicolás",Defensor central,20,Argentina,"20,000"
GODOY CRUZ,"Luciano, Martín",Lateral izquierdo,21,Argentina,"275,000"
GODOY CRUZ,"Mendoza, Mateo",Defensor central,19,Argentina,"25,000"
GODOY CRUZ,"Pereyra, Elías",Lateral izquierdo,25,Argentina,"125,000"
GODOY CRUZ,"Rasmussen, Federico",Defensor central,32,Argentina,"400,000"
GODOY CRUZ,"Salvareschi, Braian",Defensor central,25,Argentina,"200,000"
GODOY CRUZ,"Abrego, Gonzalo",Volante,24,Argentina,"2,000,000"
GODOY CRUZ,"Briones, Enzo",Wing derecho,20,Argentina,"20,000"
GODOY CRUZ,"Coira, Leonel",Volante,20,Argentina,"25,000"
GODOY CRUZ,"Fernández, Roberto Nicolás",Volante,26,Uruguay,"2,500,000"
GODOY CRUZ,"Leyes, Bruno",Pivote,23,Argentina,"2,000,000"
GODOY CRUZ,"Martínez, Santiago",Mediocampista ofensivo,20,Argentina,"25,000"
GODOY CRUZ,"Moreyra, Gastón",Mediocampista ofensivo,24,Argentina,"250,000"
GODOY CRUZ,"Pérez, Juan José",Mediocampista ofensivo,20,Colombia,"200,000"
GODOY CRUZ,"Poggi, Vicente",Pivote,22,Uruguay,"1,500,000"
GODOY CRUZ,"Pozzo, Tomás",Mediocampista ofensivo,24,Argentina,"700,000"
GODOY CRUZ,"Santiago, Mariano",Volante,23,Argentina,"225,000"
GODOY CRUZ,"Villalobos, Agustín",Mediocampista ofensivo,21,Argentina,"25,000"
GODOY CRUZ,"Altamira, Facundo",Wing derecho,23,Argentina,"1,000,000"
GODOY CRUZ,"Andino, Santino",Wing izquierdo,19,Argentina,"25,000"
GODOY CRUZ,"Barrea, Daniel",Delantero centro,23,Argentina,"800,000"
GODOY CRUZ,"Cejas, Juan Bautista",Wing izquierdo,26,Argentina,"1,000,000"
GODOY CRUZ,"Cingolani, Luciano",Wing derecho,23,Argentina,"50,000"
GODOY CRUZ,"González, Alexis",Delantero centro,19,Argentina,"20,000"
GODOY CRUZ,"Pino, Martín",Delantero centro,26,Argentina,"325,000"
GODOY CRUZ,"Rodríguez, Salomón",Delantero centro,24,Uruguay,"2,000,000"
GODOY CRUZ,"Torres, Gonzalo",Wing derecho,24,Argentina,"175,000"
GODOY CRUZ,"Ulariaga, Nahuel",Delantero centro,22,Argentina,"200,000"
HURACÁN,"Durán, Nazareno",Arquero,20,Argentina,"20,000"
HURACÁN,"Galíndez, Hernán",Arquero,37,Ecuador,"350,000"
HURACÁN,"Meza, Sebastián",Arquero,24,Argentina,"1,200,000"
HURACÁN,"Benítez, Guillermo",Lateral izquierdo,30,Argentina,"350,000"
HURACÁN,"Burdisso, Guillermo",Defensor central,36,Argentina,"100,000"
HURACÁN,"Campo, Ignacio",Lateral derecho,19,Argentina,"20,000"
HURACÁN,"Carrizo, Lucas",Defensor central,27,Argentina,"1,500,000"
HURACÁN,"De La Fuente, Hernán",Lateral derecho,27,Argentina,"600,000"
HURACÁN,"Figueredo, Leandro",Defensor central,21,Argentina,"25,000"
HURACÁN,"Ibáñez, César",Lateral izquierdo,25,Argentina,"450,000"
HURACÁN,"Pereyra, Fabio",Defensor central,34,Argentina,"175,000"
HURACÁN,"Souto, Lucas",Lateral derecho,26,Argentina,"1,200,000"
HURACÁN,"Tobio, Fernando",Defensor central,35,Argentina,"200,000"
HURACÁN,"Alarcón, Williams",Volante,23,Chile,"6,000,000"
HURACÁN,"Alfonso, Franco",Wing derecho,22,Argentina,"1,300,000"
HURACÁN,"Echeverría, Rodrigo",Pivote,29,Chile,"3,000,000"
HURACÁN,"Fattori, Federico",Pivote,32,Argentina,"700,000"
HURACÁN,"Ramírez, Sebastián",Delantero centro,24,Argentina,"275,000"
HURACÁN,"Siles, Pablo",Pivote,27,Uruguay,"350,000"
HURACÁN,"Soñora, Alan",Volante,26,Estados Unidos,"1,000,000"
HURACÁN,"Toledo, Agustín",Pivote,24,Argentina,"400,000"
HURACÁN,"Watson, Franco",Mediocampista ofensivo,22,Argentina,"600,000"
HURACÁN,"Ábila, Ramón",Delantero centro,35,Argentina,"300,000"
HURACÁN,"Cabral, Rodrigo",Wing izquierdo,24,Argentina,"800,000"
HURACÁN,"Fértoli, Héctor",Wing izquierdo,29,Argentina,"1,000,000"
HURACÁN,"Mazzantti, Walter",Wing derecho,28,Argentina,"3,200,000"
HURACÁN,"Pérez, Marcelo",Delantero centro,23,Paraguay,"450,000"
HURACÁN,"Ramírez, Eric",Delantero centro,28,Argentina,"1,000,000"
INDEPENDIENTE,"Morro, Mateo",Arquero,19,Argentina,"25,000"
INDEPENDIENTE,"Rey, Rodrigo",Arquero,33,Argentina,"1,800,000"
INDEPENDIENTE,"Segovia, Diego",Arquero,24,Uruguay,"25,000"
INDEPENDIENTE,"Tasso, Manuel",Arquero,23,Argentina,"25,000"
INDEPENDIENTE,"Buffarini, Julio",Lateral derecho,36,Argentina,"100,000"
INDEPENDIENTE,"De Irastorza, Jonathan",Lateral izquierdo,19,Argentina,"20,000"
INDEPENDIENTE,"Fedorco, Juan Manuel",Defensor central,23,Argentina,"800,000"
INDEPENDIENTE,"Laso, Joaquín",Defensor central,34,Argentina,"300,000"
INDEPENDIENTE,"Lomónaco, Kevin",Defensor central,22,Argentina,"1,800,000"
INDEPENDIENTE,"Loyola, Felipe",Lateral derecho,23,Chile,"2,500,000"
INDEPENDIENTE,"Montiel, Santiago",Wing derecho,23,Argentina,"2,800,000"
INDEPENDIENTE,"Pellegrino, Marco",Defensor central,22,Argentina,"3,500,000"
INDEPENDIENTE,"Pérez, Damián",Lateral izquierdo,35,Argentina,"150,000"
INDEPENDIENTE,"Salle, Santiago",Interior derecho,20,Argentina,"75,000"
INDEPENDIENTE,"Spörle, Adrián",Lateral izquierdo,29,Argentina,"300,000"
INDEPENDIENTE,"Vera, Federico",Lateral derecho,26,Argentina,"1,000,000"
INDEPENDIENTE,"Barcia, Baltasar",Pivote,23,Uruguay,"500,000"
INDEPENDIENTE,"González, Lucas",Volante,24,Argentina,"2,500,000"
INDEPENDIENTE,"Luna, Alex",Mediapunta,20,Argentina,"2,000,000"
INDEPENDIENTE,"Mancuello, Federico",Volante,35,Argentina,"450,000"
INDEPENDIENTE,"Marcone, Iván",Pivote,34,Argentina,"1,000,000"
INDEPENDIENTE,"Martínez, David",Pivote,20,Argentina,"1,500,000"
INDEPENDIENTE,"Millán, Lautaro",Interior derecho,19,Argentina,"25,000"
INDEPENDIENTE,"Ortiz, Sergio",Volante,23,Argentina,"300,000"
INDEPENDIENTE,"Parmo, Tomás",Mediocampista ofensivo,16,Argentina,"20,000"
INDEPENDIENTE,"Quiñónez, Jhonny",Pivote,26,Ecuador,"600,000"
INDEPENDIENTE,"Toloza, Santiago",Mediocampista ofensivo,22,Argentina,"2,000,000"
INDEPENDIENTE,"Ávalos, Gabriel",Delantero centro,34,Paraguay,"1,300,000"
INDEPENDIENTE,"Canelo, Alexis",Delantero centro,32,Argentina,"1,000,000"
INDEPENDIENTE,"Giménez, Matías",Delantero centro,25,Argentina,"2,800,000"
INDEPENDIENTE,"Hidalgo, Santiago",Delantero centro,19,Argentina,"350,000"
INDEPENDIENTE,"López, Santiago",Wing izquierdo,18,Argentina,"2,000,000"
INDEPENDIENTE,"Maestro Puch, Ignacio",Delantero centro,21,Argentina,"1,300,000"
INDEPENDIENTE,"Tarzia, Diego",Interior izquierdo,21,Argentina,"100,000"
INDEPENDIENTE,"Vallejo, Nicolás",Wing derecho,20,Argentina,"700,000"
INDEPENDIENTE RIVADAVIA,"Centurión, Ezequiel",Arquero,27,Argentina,"800,000"
INDEPENDIENTE RIVADAVIA,"Lastra, Agustín",Arquero,23,Argentina,"25,000"
INDEPENDIENTE RIVADAVIA,"Marinelli, Gonzalo",Arquero,35,Argentina,"275,000"
INDEPENDIENTE RIVADAVIA,"Abecasis, Luciano",Lateral derecho,34,Argentina,"175,000"
INDEPENDIENTE RIVADAVIA,"Bianchi, Bruno",Defensor central,35,Argentina,"250,000"
INDEPENDIENTE RIVADAVIA,"Burgos, Esteban",Defensor central,32,Argentina,"350,000"
INDEPENDIENTE RIVADAVIA,"Gallardo, Nahuel",Lateral izquierdo,26,Argentina,"200,000"
INDEPENDIENTE RIVADAVIA,"Gómez, Luciano",Lateral derecho,28,Argentina,"150,000"
INDEPENDIENTE RIVADAVIA,"Milo, Federico",Lateral izquierdo,32,Argentina,"125,000"
INDEPENDIENTE RIVADAVIA,"Ostchega, Tobías",Lateral izquierdo,26,Argentina,"300,000"
INDEPENDIENTE RIVADAVIA,"Ruiz Díaz, Matías",Lateral derecho,28,Argentina,"200,000"
INDEPENDIENTE RIVADAVIA,"Segovia, Imanol",Defensor central,23,Argentina,"25,000"
INDEPENDIENTE RIVADAVIA,"Studer, Sheyko",Defensor central,21,Argentina,"25,000"
INDEPENDIENTE RIVADAVIA,"Villalba, Iván",Defensor central,29,Paraguay,"250,000"
INDEPENDIENTE RIVADAVIA,"Ascacíbar, Julián",Volante,23,Argentina,"25,000"
INDEPENDIENTE RIVADAVIA,"Cardillo, Mauricio",Wing derecho,21,Argentina,"25,000"
INDEPENDIENTE RIVADAVIA,"Ham, Ezequiel",Volante,30,Siria,"700,000"
INDEPENDIENTE RIVADAVIA,"Mulet, Agustín",Pivote,24,Argentina,"400,000"
INDEPENDIENTE RIVADAVIA,"Napolitano, Antonio",Volante,25,Argentina,"150,000"
INDEPENDIENTE RIVADAVIA,"Ortale, Mateo",Lateral derecho,22,Argentina,"25,000"
INDEPENDIENTE RIVADAVIA,"Ríos, Lautaro",Pivote,24,Argentina,"700,000"
INDEPENDIENTE RIVADAVIA,"Romero, Franco",Pivote,24,Argentina,"1,000,000"
INDEPENDIENTE RIVADAVIA,"Sequeira, Luis",Mediocampista ofensivo,21,Argentina,"200,000"
INDEPENDIENTE RIVADAVIA,"Tonetto, Diego",Interior izquierdo,35,Argentina,"25,000"
INDEPENDIENTE RIVADAVIA,"Vera, Fredy",Interior derecho,26,Paraguay,"400,000"
INDEPENDIENTE RIVADAVIA,"Álvez, Gonzalo",Mediocampista ofensivo,20,Argentina,"250,000"
INDEPENDIENTE RIVADAVIA,"Asenjo, Mauricio",Delantero centro,30,Argentina,"175,000"
INDEPENDIENTE RIVADAVIA,"Castro, Federico",Wing izquierdo,31,Argentina,"275,000"
INDEPENDIENTE RIVADAVIA,"Cavallaro, Juan",Mediocampista ofensivo,30,Argentina,"225,000"
INDEPENDIENTE RIVADAVIA,"Ramis, Victorio",Wing izquierdo,30,Argentina,"150,000"
INDEPENDIENTE RIVADAVIA,"Ríos, Gonzalo",Mediocampista ofensivo,25,Argentina,"1,200,000"
INDEPENDIENTE RIVADAVIA,"Romero, Fernando",Delantero centro,24,Paraguay,"375,000"
INDEPENDIENTE RIVADAVIA,"Sanguina, Jorge",Delantero centro,25,Paraguay,"500,000"
INDEPENDIENTE RIVADAVIA,"Sartori, Fabrizio",Wing derecho,22,Argentina,"50,000"
INDEPENDIENTE RIVADAVIA,"Villa, Sebastián",Wing izquierdo,28,Colombia,"3,000,000"
INSTITUTO,"Papaleo, Joaquín",Arquero,30,Argentina,"300,000"
INSTITUTO,"Roffo, Manuel",Arquero,24,Argentina,"4,000,000"
INSTITUTO,"Sittaro, Emanuel",Arquero,25,Argentina,"25,000"
INSTITUTO,"Alarcón, Fernando",Defensor central,30,Argentina,"1,500,000"
INSTITUTO,"Albornós, Santiago",Lateral izquierdo,20,Argentina,"25,000"
INSTITUTO,"Bay, Jonathan",Lateral izquierdo,31,Argentina,"200,000"
INSTITUTO,"Brizuela, Miguel",Defensor central,27,Argentina,"600,000"
INSTITUTO,"Cabrera, Víctor",Defensor central,31,Argentina,"250,000"
INSTITUTO,"Cerato, Giuliano",Lateral derecho,26,Argentina,"450,000"
INSTITUTO,"Franco, Juan José",Lateral derecho,32,Paraguay,"300,000"
INSTITUTO,"Requena, Gonzalo",Defensor central,21,Argentina,"1,000,000"
INSTITUTO,"Rodríguez, Lucas",Lateral izquierdo,31,Argentina,"200,000"
INSTITUTO,"Acevedo, Jonás",Wing izquierdo,27,Argentina,"1,500,000"
INSTITUTO,"Arcando, Felipe",Volante,20,Argentina,"45,000"
INSTITUTO,"Bochi, Roberto",Pivote,37,Argentina,"50,000"
INSTITUTO,"Cuello, Brahian",Interior derecho,27,Argentina,"350,000"
INSTITUTO,"Díaz, Franco",Volante,24,Argentina,"1,000,000"
INSTITUTO,"Dubersarsky, Nicolás",Volante,19,Argentina,"1,000,000"
INSTITUTO,"Lo Celso, Francesco",Mediocampista ofensivo,24,Argentina,"250,000"
INSTITUTO,"Lodico, Gastón",Volante,26,Argentina,"3,500,000"
INSTITUTO,"Moreyra, Stefano",Pivote,23,Argentina,"125,000"
INSTITUTO,"Romero, Matías",Volante,28,Argentina,"175,000"
INSTITUTO,"Batallini, Damián",Wing derecho,28,Argentina,"750,000"
INSTITUTO,"Lázaro, Jeremías",Mediocampista ofensivo,20,Argentina,"250,000"
INSTITUTO,"Puebla, Damián",Mediocampista ofensivo,22,Argentina,"4,000,000"
INSTITUTO,"Rodríguez, Gregorio",Delantero centro,24,Argentina,"450,000"
INSTITUTO,"Romero, Silvio",Delantero centro,36,Argentina,"275,000"
INSTITUTO,"Russo, Ignacio",Delantero centro,23,Argentina,"650,000"
INSTITUTO,"Suárez, Facundo",Delantero centro,30,Argentina,"800,000"
LANUS,"Aguerre, Alan",Arquero,34,Argentina,"200,000"
LANUS,"Calderari, Gustavo",Arquero,20,Argentina,"50,000"
LANUS,"Cláa, Nicolás",Arquero,20,Argentina,"100,000"
LANUS,"Losada, Nahuel",Arquero,31,Argentina,"3,000,000"
LANUS,"Cáceres, Juan",Lateral derecho,24,Paraguay,"2,500,000"
LANUS,"Izquierdoz, Carlos",Defensor central,36,Argentina,"600,000"
LANUS,"Luciatti, Abel",Defensor central,31,Argentina,"1,500,000"
LANUS,"Morgantini, Nicolás",Lateral derecho,30,Argentina,"600,000"
LANUS,"Muñoz, Ezequiel",Defensor central,34,Argentina,"100,000"
LANUS,"Ontivero, Octavio",Lateral izquierdo,18,Argentina,"200,000"
LANUS,"Pérez, Gonzalo",Defensor central,23,Uruguay,"500,000"
LANUS,"Soler, Julio",Lateral izquierdo,19,Argentina,"7,000,000"
LANUS,"Álvarez, Favio",Mediocampista ofensivo,31,Argentina,"400,000"
LANUS,"Boggio, Luciano",Volante,25,Uruguay,"1,500,000"
LANUS,"Carrera, Ramiro",Interior derecho,31,Argentina,"1,000,000"
LANUS,"Domínguez, Nery",Pivote,34,Argentina,"400,000"
LANUS,"Loaiza, Raúl",Pivote,30,Colombia,"1,000,000"
LANUS,"Peña Biafore, Felipe",Pivote,23,Argentina,"3,500,000"
LANUS,"Rodríguez, Agustín",Volante,20,Argentina,"200,000"
LANUS,"Acosta, Lautaro",Wing izquierdo,36,Argentina,"100,000"
LANUS,"Aquino, Dylan",Wing izquierdo,19,Argentina,"75,000"
LANUS,"Bou, Walter",Delantero centro,31,Argentina,"1,700,000"
LANUS,"Cabrera, Bruno",Delantero centro,21,Argentina,"50,000"
LANUS,"Díaz, Leandro",Delantero centro,32,Argentina,"1,000,000"
LANUS,"Moreno, Marcelino",Mediocampista ofensivo,29,Argentina,"4,000,000"
LANUS,"Salvio, Eduardo",Wing derecho,34,Argentina,"1,500,000"
LANUS,"Torres, Jonatan",Delantero centro,27,Argentina,"700,000"
NEWELLS OLD BOYS,"Hoyos, Lucas",Arquero,35,Argentina,"300,000"
NEWELLS OLD BOYS,"Macagno, Ramiro",Arquero,27,Argentina,"3,000,000"
NEWELLS OLD BOYS,"Reinatti, Josué",Arquero,21,Argentina,"35,000"
NEWELLS OLD BOYS,"Baños, Lucas",Defensor central,19,Argentina,"30,000"
NEWELLS OLD BOYS,"Calderara, Brian",Lateral izquierdo,26,Argentina,"200,000"
NEWELLS OLD BOYS,"Glavinovich, Ian",Defensor central,23,Argentina,"2,500,000"
NEWELLS OLD BOYS,"Jacob, Tomás",Defensor central,20,Argentina,"100,000"
NEWELLS OLD BOYS,"Martino, Ángelo",Lateral izquierdo,26,Argentina,"1,300,000"
NEWELLS OLD BOYS,"Méndez, Armando",Lateral derecho,28,Uruguay,"1,200,000"
NEWELLS OLD BOYS,"Salcedo, Saúl",Defensor central,27,Paraguay,"1,500,000"
NEWELLS OLD BOYS,"Schott, Augusto",Lateral derecho,24,Argentina,"350,000"
NEWELLS OLD BOYS,"Vangioni, Leonel",Lateral izquierdo,37,Argentina,"50,000"
NEWELLS OLD BOYS,"Velázquez, Gustavo",Defensor central,33,Argentina,"1,500,000"
NEWELLS OLD BOYS,"Acuña, Valentino",Mediocampista ofensivo,18,Argentina,"150,000"
NEWELLS OLD BOYS,"Banega, Ever",Volante,36,Argentina,"1,300,000"
NEWELLS OLD BOYS,"Cacciabue, Jerónimo",Volante,26,Argentina,"350,000"
NEWELLS OLD BOYS,"Carabajal, Gabriel",Mediocampista ofensivo,33,Argentina,"400,000"
NEWELLS OLD BOYS,"Fernández, Esteban",Mediocampista ofensivo,22,Argentina,"75,000"
NEWELLS OLD BOYS,"Fernández, Rodrigo",Pivote,28,Uruguay,"1,300,000"
NEWELLS OLD BOYS,"Méndez, Juan Ignacio",Pivote,27,Argentina,"1,500,000"
NEWELLS OLD BOYS,"Miljevic, Matko",Wing izquierdo,23,Estados Unidos,"700,000"
NEWELLS OLD BOYS,"Pérez, Tomás",Volante,19,Argentina,"45,000"
NEWELLS OLD BOYS,"Sotelo, David",Volante,21,Argentina,"25,000"
NEWELLS OLD BOYS,"Besozzi, Lucas",Wing izquierdo,21,Argentina,"1,500,000"
NEWELLS OLD BOYS,"Cardozo, Fernando",Interior derecho,23,Paraguay,"3,000,000"
NEWELLS OLD BOYS,"Chiaverano, Giovani",Wing derecho,19,Argentina,"150,000"
NEWELLS OLD BOYS,"García, Juan Manuel",Delantero centro,31,Argentina,"700,000"
NEWELLS OLD BOYS,"González, Francisco",Wing derecho,23,Argentina,"2,200,000"
NEWELLS OLD BOYS,"Jaime, Misael",Wing izquierdo,20,Argentina,"50,000"
NEWELLS OLD BOYS,"Ramírez, Juan Ignacio",Delantero centro,27,Argentina,"3,550,000"
NEWELLS OLD BOYS,"Silvetti, Mateo",Wing derecho,18,Argentina,"1,000,000"
PLATENSE,"Cozzani, Juan Pablo",Arquero,26,Argentina,"1,800,000"
PLATENSE,"Desabato, Andrés",Arquero,34,Argentina,"125,000"
PLATENSE,"Galimidi, Ramiro",Arquero,19,Argentina,"25,000"
PLATENSE,"Sumavil, Nicolás",Arquero,24,Argentina,"75,000"
PLATENSE,"Barros Schelotto, Bautista",Lateral derecho,24,Argentina,"175,000"
PLATENSE,"Lozano, Raúl",Lateral derecho,27,Argentina,"375,000"
PLATENSE,"Marcich, Sasha",Lateral izquierdo,26,Argentina,"650,000"
PLATENSE,"Pignani, Juan Pablo",Defensor central,23,Argentina,"200,000"
PLATENSE,"Quiroga, Agustín",Defensor central,22,Argentina,"50,000"
PLATENSE,"Saborido, Juan Ignacio",Lateral derecho,26,Argentina,"400,000"
PLATENSE,"Salomón, Oscar",Defensor central,25,Argentina,"300,000"
PLATENSE,"Suso, Gastón",Defensor central,33,Argentina,"400,000"
PLATENSE,"Valdivia, Gonzalo",Lateral izquierdo,23,Argentina,"100,000"
PLATENSE,"Vázquez, Ignacio",Defensor central,27,Argentina,"2,000,000"
PLATENSE,"Baldassarra, Franco",Volante,26,Argentina,"450,000"
PLATENSE,"Gómez, Iván",Pivote,27,Argentina,"2,500,000"
PLATENSE,"Hachen, Gabriel",Mediocampista ofensivo,34,Argentina,"300,000"
PLATENSE,"Juárez, Fernando",Volante,26,Argentina,"750,000"
PLATENSE,"Mainero, Guido",Wing derecho,29,Argentina,"300,000"
PLATENSE,"Montenegro, Lisandro",Mediocampista ofensivo,21,Argentina,"225,000"
PLATENSE,"Picco, Leonel",Pivote,26,Argentina,"800,000"
PLATENSE,"Rivero, Braian",Volante,28,Argentina,"325,000"
PLATENSE,"Russo, Facundo",Wing derecho,24,Argentina,"250,000"
PLATENSE,"Schor, Ignacio",Wing derecho,24,Argentina,"1,000,000"
PLATENSE,"Taborda, Vicente",Mediocampista ofensivo,23,Argentina,"1,500,000"
PLATENSE,"Villalba, Carlos",Pivote,26,Argentina,"600,000"
PLATENSE,"Zapiola, Franco",Mediocampista ofensivo,23,Argentina,"1,200,000"
PLATENSE,"Cervera, Tobías",Delantero centro,22,Siria,"1,500,000"
PLATENSE,"Goicochea, Juan Pablo",Delantero centro,19,Perú,"100,000"
PLATENSE,"Lotti, Augusto",Mediapunta,28,Argentina,"1,200,000"
PLATENSE,"Márquez, Rodrigo",Wing izquierdo,22,Argentina,"225,000"
PLATENSE,"Martínez, Ronaldo",Delantero centro,28,Paraguay,"1,300,000"
PLATENSE,"Minerva, Franco",Wing izquierdo,18,Argentina,"500,000"
PLATENSE,"Ocampo, Agustín",Wing izquierdo,26,Uruguay,"1,200,000"
PLATENSE,"Pellegrino, Mateo",Delantero centro,23,Argentina,"3,500,000"
PLATENSE,"Rius, Ciro",Wing derecho,36,Argentina,"100,000"
PLATENSE,"Tucker, Manuel",Wing derecho,20,Argentina,"25,000"
RACING,"Arias, Gabriel",Arquero,37,Argentina,"800,000"
RACING,"Cambeses, Facundo",Arquero,27,Argentina,"2,500,000"
RACING,"León, Roberto",Arquero,23,Argentina,"25,000"
RACING,"Colombo, Nazareno",Defensor central,25,Argentina,"2,700,000"
RACING,"Conti, Germán",Defensor central,30,Argentina,"500,000"
RACING,"Di Césare, Marco",Defensor central,22,Argentina,"6,000,000"
RACING,"Elordi, Juan Manuel",Lateral izquierdo,30,Argentina,"350,000"
RACING,"García Basso, Agustín",Defensor central,32,Argentina,"1,200,000"
RACING,"Martirena, Gastón",Lateral derecho,24,Uruguay,"3,000,000"
RACING,"Mura, Facundo",Lateral derecho,25,Argentina,"2,000,000"
RACING,"Núñez, Demian",Defensor central,19,Argentina,"25,000"
RACING,"Quirós, Santiago",Defensor central,21,Argentina,"1,000,000"
RACING,"Rojas, Gabriel",Lateral izquierdo,27,Argentina,"2,700,000"
RACING,"Sigali, Leonardo",Defensor central,37,Argentina,"200,000"
RACING,"Almendra, Agustín",Volante,24,Argentina,"1,700,000"
RACING,"Barrios, Martín",Volante,25,Uruguay,"700,000"
RACING,"Bergara, Matías",Wing derecho,20,Argentina,"375,000"
RACING,"González, David",Mediocampista ofensivo,21,Argentina,"50,000"
RACING,"Nardoni, Juan",Volante,22,Argentina,"6,000,000"
RACING,"Quintero, Juan Fernando",Mediocampista ofensivo,31,Colombia,"2,500,000"
RACING,"Rodríguez, Baltasar",Mediocampista ofensivo,21,Argentina,"3,500,000"
RACING,"Sosa, Santiago",Pivote,25,Argentina,"6,000,000"
RACING,"Vera, Santino",Volante,18,Argentina,"200,000"
RACING,"Zuculini, Bruno",Pivote,31,Argentina,"700,000"
RACING,"Acevedo, Matías",Mediocampista ofensivo,16,Argentina,"20,000"
RACING,"Carbonero, Johan",Wing izquierdo,25,Colombia,"2,200,000"
RACING,"Degregorio, Ramiro",Wing derecho,21,Argentina,"25,000"
RACING,"Martínez, Adrián",Delantero centro,32,Argentina,"3,500,000"
RACING,"Martínez, Roger",Delantero centro,30,Colombia,"1,800,000"
RACING,"Salas, Maximiliano",Delantero centro,26,Argentina,"2,500,000"
RACING,"Solari, Santiago",Wing derecho,26,Argentina,"3,200,000"
RACING,"Urzi, Agustín",Wing derecho,24,Argentina,"1,800,000"
RACING,"Vietto, Luciano",Delantero centro,30,Argentina,"2,000,000"
RIVER PLATE,"Armani, Franco",Arquero,38,Argentina,"1,000,000"
RIVER PLATE,"Beltrán, Santiago",Arquero,20,Argentina,"25,000"
RIVER PLATE,"Lavagnino, Lucas",Arquero,20,Argentina,"150,000"
RIVER PLATE,"Ledesma, Jeremías",Arquero,31,Argentina,"5,000,000"
RIVER PLATE,"Acuña, Marcos",Lateral izquierdo,33,Argentina,"4,000,000"
RIVER PLATE,"Bustos, Fabricio",Lateral derecho,28,Argentina,"7,000,000"
RIVER PLATE,"Casco, Milton",Lateral izquierdo,36,Argentina,"200,000"
RIVER PLATE,"Díaz, Enzo",Lateral izquierdo,28,Argentina,"3,000,000"
RIVER PLATE,"Díaz, Paulo",Defensor central,30,Chile,"5,500,000"
RIVER PLATE,"Funes Mori, Ramiro",Defensor central,33,Argentina,"350,000"
RIVER PLATE,"Gattoni, Federico",Defensor central,25,Argentina,"3,500,000"
RIVER PLATE,"González Pirez, Leandro",Defensor central,32,Argentina,"1,000,000"
RIVER PLATE,"Pezzella, Germán",Defensor central,33,Argentina,"3,000,000"
RIVER PLATE,"Sant'Anna, Agustín",Lateral derecho,27,Uruguay,"3,000,000"
RIVER PLATE,"Zabala, Daniel",Defensor central,21,Argentina,"50,000"
RIVER PLATE,"Aliendro, Rodrigo",Volante,33,Argentina,"1,200,000"
RIVER PLATE,"Echeverri, Claudio",Mediocampista ofensivo,18,Argentina,"18,000,000"
RIVER PLATE,"Fernández, Ignacio",Mediocampista ofensivo,34,Argentina,"1,800,000"
RIVER PLATE,"Fonseca, Nicolás",Pivote,26,Uruguay,"3,000,000"
RIVER PLATE,"Kranevitter, Matías",Pivote,31,Argentina,"1,200,000"
RIVER PLATE,"Lanzini, Manuel",Mediocampista ofensivo,31,Argentina,"2,000,000"
RIVER PLATE,"Meza, Maximiliano",Wing derecho,31,Argentina,"4,000,000"
RIVER PLATE,"Martínez, Gonzalo",Mediocampista ofensivo,31,Argentina,"2,000,000"
RIVER PLATE,"Mastantuono, Franco",Mediocampista ofensivo,17,Argentina,"13,000,000"
RIVER PLATE,"Simón, Santiago",Interior derecho,22,Argentina,"4,000,000"
RIVER PLATE,"Villagra, Rodrigo",Pivote,23,Argentina,"6,000,000"
RIVER PLATE,"Bareiro, Adam",Delantero centro,28,Paraguay,"6,000,000"
RIVER PLATE,"Borja, Miguel",Delantero centro,31,Colombia,"4,500,000"
RIVER PLATE,"Colidio, Facundo",Delantero centro,24,Argentina,"5,000,000"
RIVER PLATE,"Ruberto, Agustín",Delantero centro,18,Argentina,"3,000,000"
RIVER PLATE,"Solari, Pablo",Wing derecho,23,Argentina,"7,000,000"
RIVER PLATE,"Subiabre, Ian",Wing izquierdo,17,Argentina,"1,200,000"
ROSARIO CENTRAL ,"Broun, Jorge",Arquero,38,Argentina,"150,000"
ROSARIO CENTRAL ,"Quintero, Valentino",Arquero,21,Argentina,"25,000"
ROSARIO CENTRAL ,"Werner, Axel",Arquero,28,Argentina,"500,000"
ROSARIO CENTRAL ,"Barbieri, Miguel",Defensor central,31,Argentina,"1,500,000"
ROSARIO CENTRAL ,"Bravo, Agustín",Defensor central,23,Argentina,"125,000"
ROSARIO CENTRAL ,"Coronel, Emanuel",Lateral derecho,27,Argentina,"2,500,000"
ROSARIO CENTRAL ,"Giménez, Juan",Defensor central,18,Argentina,"1,500,000"
ROSARIO CENTRAL ,"Komar, Juan Cruz",Defensor central,28,Argentina,"800,000"
ROSARIO CENTRAL ,"Mallo, Facundo",Defensor central,29,Uruguay,"1,800,000"
ROSARIO CENTRAL ,"Martínez, Damián",Lateral derecho,34,Argentina,"250,000"
ROSARIO CENTRAL ,"Quintana, Carlos",Defensor central,36,Argentina,"125,000"
ROSARIO CENTRAL ,"Rodríguez, Alan",Lateral izquierdo,24,Paraguay,"1,500,000"
ROSARIO CENTRAL ,"Sández, Agustín",Lateral izquierdo,23,Paraguay,"1,500,000"
ROSARIO CENTRAL ,"Silva, Kevin",Defensor central,21,Argentina,"25,000"
ROSARIO CENTRAL ,"Burgos, Santiago",Lateral derecho,18,Argentina,"20,000"
ROSARIO CENTRAL ,"Campaz, Jaminton",Wing izquierdo,24,Colombia,"6,500,000"
ROSARIO CENTRAL ,"Giaccone, Lautaro",Wing izquierdo,23,Argentina,"1,500,000"
ROSARIO CENTRAL ,"Gómez, Jonatan",Mediocampista ofensivo,34,Argentina,"300,000"
ROSARIO CENTRAL ,"Ibarra, Franco",Pivote,23,Argentina,"1,800,000"
ROSARIO CENTRAL ,"Malcorra, Ignacio",Mediocampista ofensivo,37,Argentina,"450,000"
ROSARIO CENTRAL ,"Martínez, Mauricio",Pivote,31,Argentina,"600,000"
ROSARIO CENTRAL ,"Ocampo, Elías",Interior derecho,20,Argentina,"300,000"
ROSARIO CENTRAL ,"O'Connor, Tomás",Volante,20,Argentina,"2,500,000"
ROSARIO CENTRAL ,"Ortiz, Kevin",Pivote,24,Argentina,"2,500,000"
ROSARIO CENTRAL ,"Solari, Augusto",Interior derecho,32,Argentina,"800,000"
ROSARIO CENTRAL ,"Copetti, Enzo",Delantero centro,28,Argentina,"4,000,000"
ROSARIO CENTRAL ,"Lovera, Maximiliano",Wing izquierdo,25,Argentina,"700,000"
ROSARIO CENTRAL ,"Martínez Dupuy, Luca",Delantero centro,23,México,"700,000"
ROSARIO CENTRAL ,"Módica, Agustín",Delantero centro,21,Italia,"1,500,000"
ROSARIO CENTRAL ,"Ruben, Marco",Delantero centro,38,Argentina,"25,000"
SAN LORENZO,"Altamirano, Facundo",Arquero,28,Argentina,"1,800,000"
SAN LORENZO,"Clemente, Mateo",Arquero,22,Argentina,"25,000"
SAN LORENZO,"Gómez, Gastón",Arquero,28,Argentina,"1,000,000"
SAN LORENZO,"López Kaleniuk, Lautaro",Arquero,23,Argentina,"50,000"
SAN LORENZO,"Arias, Nahuel",Lateral derecho,19,Argentina,"600,000"
SAN LORENZO,"Báez, Elías",Lateral izquierdo,20,Argentina,"500,000"
SAN LORENZO,"Braida, Malcom",Lateral izquierdo,27,Argentina,"4,000,000"
SAN LORENZO,"Campi, Gastón",Defensor central,33,Argentina,"250,000"
SAN LORENZO,"Hernández, Gastón",Defensor central,26,Argentina,"4,000,000"
SAN LORENZO,"Herrera, Daniel",Defensor central,20,Argentina,"20,000"
SAN LORENZO,"Luján, Gonzalo",Lateral derecho,23,Argentina,"3,000,000"
SAN LORENZO,"Romaña, Jhohan",Defensor central,26,Colombia,"3,000,000"
SAN LORENZO,"Tripichio, Nicolás",Lateral derecho,28,Argentina,"1,500,000"
SAN LORENZO,"Barrios, Nahuel",Wing izquierdo,26,Argentina,"3,500,000"
SAN LORENZO,"Insaurralde, Manuel",Volante,25,Argentina,"275,000"
SAN LORENZO,"Irala, Elián",Pivote,20,Argentina,"6,000,000"
SAN LORENZO,"Leguizamón, Iván",Wing derecho,22,Paraguay,"3,800,000"
SAN LORENZO,"Porra, Tomás",Mediocampista ofensivo,20,Argentina,"25,000"
SAN LORENZO,"Remedi, Eric",Pivote,29,Argentina,"1,300,000"
SAN LORENZO,"Sosa, Santiago Nahuel",Volante,19,Argentina,"1,000,000"
SAN LORENZO,"Blanco, Sebastián",Mediocampista ofensivo,36,Argentina,"200,000"
SAN LORENZO,"Bustos, Nahuel",Delantero centro,26,Argentina,"3,000,000"
SAN LORENZO,"Cerutti, Ezequiel",Wing derecho,32,Argentina,"225,000"
SAN LORENZO,"Cuello, Alexis",Delantero centro,24,Argentina,"2,000,000"
SAN LORENZO,"Fydriszewski, Francisco",Delantero centro,31,Argentina,"1,200,000"
SAN LORENZO,"Hausch, Agustín",Delantero centro,21,Argentina,"75,000"
SAN LORENZO,"Muniain, Iker",Mediocampista ofensivo,31,España,"5,000,000"
SAN LORENZO,"Reali, Matías",Wing derecho,27,Argentina,"2,300,000"
SAN LORENZO,"Vombergar, Andrés",Delantero centro,29,Eslovenia,"3,000,000"
SARMIENTO,"Acosta, Lucas",Arquero,29,Argentina,"750,000"
SARMIENTO,"Ayala, Thyago",Arquero,23,Argentina,"50,000"
SARMIENTO,"Champagne, Nereo",Arquero,39,Argentina,"10,000"
SARMIENTO,"Pourtau, Jerónimo",Arquero,24,Argentina,"275,000"
SARMIENTO,"Díaz, Gabriel",Lateral izquierdo,24,Argentina,"1,500,000"
SARMIENTO,"Guasone, Juan Cruz",Defensor central,23,Argentina,"300,000"
SARMIENTO,"Insaurralde, Juan Manuel",Defensor central,40,Argentina,"300,000"
SARMIENTO,"López, Elías",Lateral derecho,24,Argentina,"300,000"
SARMIENTO,"Morales, Santiago",Defensor central,23,Argentina,"50,000"
SARMIENTO,"Paredes, Franco",Defensor central,25,Argentina,"1,000,000"
SARMIENTO,"Roncaglia, Facundo",Defensor central,37,Argentina,"25,000"
SARMIENTO,"Sauro, Gastón",Defensor central,34,Argentina,"200,000"
SARMIENTO,"Vallejos, Jeremías",Lateral derecho,21,Argentina,"35,000"
SARMIENTO,"Andrada, Juan",Pivote,29,Argentina,"400,000"
SARMIENTO,"Arismendi, Yair",Wing izquierdo,26,Argentina,"250,000"
SARMIENTO,"Calcaterra, Diego",Defensor central,23,Argentina,"300,000"
SARMIENTO,"Gaitán, Nicolás",Mediocampista ofensivo,36,Argentina,"125,000"
SARMIENTO,"García, Manuel",Pivote,25,Argentina,"1,000,000"
SARMIENTO,"Gho, Joaquín",Interior derecho,21,Argentina,"1,500,000"
SARMIENTO,"Gudiño, Gabriel",Wing derecho,32,Argentina,"275,000"
SARMIENTO,"Méndez, Emiliano",Pivote,35,Argentina,"50,000"
SARMIENTO,"Mónaco, Manuel",Mediocampista ofensivo,22,Argentina,"400,000"
SARMIENTO,"Paradela, Federico",Volante,23,Argentina,"125,000"
SARMIENTO,"Quiroga, Sergio",Mediocampista ofensivo,30,Argentina,"300,000"
SARMIENTO,"Azcurra, Diego",Wing derecho,26,Argentina,"25,000"
SARMIENTO,"Burgoa, Valentín",Mediocampista ofensivo,24,Argentina,"250,000"
SARMIENTO,"Cabezas, Bryan",Wing izquierdo,27,Ecuador,"25,000"
SARMIENTO,"Hauche, Gabriel",Mediapunta,37,Argentina,"75,000"
SARMIENTO,"López, Lisandro",Delantero centro,41,Argentina,"100,000"
SARMIENTO,"Morales Bravo, Iván",Delantero centro,25,Chile,"400,000"
SARMIENTO,"Naya, Ezequiel",Delantero centro,23,Argentina,"100,000"
TALLERES (C),"Herrera, Guido",Arquero,32,Argentina,"2,500,000"
TALLERES (C),"Blázquez, Joaquín",Arquero,23,Argentina,"300,000"
TALLERES (C),"Morales, Lautaro",Arquero,24,Argentina,"1,500,000"
TALLERES (C),"Benavídez, Gastón",Lateral derecho,29,Argentina,"3,000,000"
TALLERES (C),"Catalán, Matías",Defensor central,32,Chile,"1,800,000"
TALLERES (C),"Mantilla, Kevin",Defensor central,21,Colombia,"2,000,000"
TALLERES (C),"Navarro, Miguel",Lateral izquierdo,25,Venezuela,"2,000,000"
TALLERES (C),"Olmos, Tomás",Lateral derecho,19,Argentina,"20,000"
TALLERES (C),"Portillo, Juan Carlos",Pivote,24,Argentina,"1,800,000"
TALLERES (C),"Riveros, Blas",Lateral izquierdo,26,Paraguay,"1,000,000"
TALLERES (C),"Rodríguez, Juan Gabriel",Defensor central,30,Argentina,"800,000"
TALLERES (C),"Saavedra, Franco",Lateral izquierdo,21,Argentina,"25,000"
TALLERES (C),"Suárez, Lucas",Defensor central,29,Argentina,"800,000"
TALLERES (C),"Vigo, Alex",Lateral derecho,25,Argentina,"1,000,000"
TALLERES (C),"Albarracín, Gustavo",Volante,18,Argentina,"20,000"
TALLERES (C),"Botta, Rubén",Mediocampista ofensivo,34,Argentina,"800,000"
TALLERES (C),"Galarza Fonda, Matías",Pivote,22,Argentina,"7,000,000"
TALLERES (C),"Galarza, Matías",Volante,22,Paraguay,"800,000"
TALLERES (C),"Moyano, Franco",Volante,27,Argentina,"1,800,000"
TALLERES (C),"Ortegoza, Ulises",Pivote,27,Chile,"1,800,000"
TALLERES (C),"Portilla, Juan Camilo",Volante,26,Colombia,"2,500,000"
TALLERES (C),"Portillo, Marcos",Volante,24,Argentina,"2,500,000"
TALLERES (C),"Barticciotto, Bruno",Delantero centro,23,Chile,"2,500,000"
TALLERES (C),"Depietri, Valentín",Wing izquierdo,24,Argentina,"600,000"
TALLERES (C),"Esquivel, Matías",Volante,25,Argentina,"2,000,000"
TALLERES (C),"Girotti, Federico",Delantero centro,25,Argentina,"2,500,000"
TALLERES (C),"Martínez, Silvio Alejandro",Wing izquierdo,27,Argentina,"1,200,000"
TALLERES (C),"Palacios, Sebastián",Wing derecho,32,Argentina,"2,000,000"
TALLERES (C),"Romero, David",Delantero centro,21,Argentina,"50,000"
TALLERES (C),"Ruiz Rodríguez, Ramiro",Delantero centro,24,Argentina,"1,300,000"
TALLERES (C),"Tarragona, Cristian",Delantero centro,33,Argentina,"500,000"
TIGRE,"Fuster, Luka",Arquero,18,Argentina,"20,000"
TIGRE,"Solari, Agustín",Arquero,22,Argentina,"20,000"
TIGRE,"Sosa, Alan",Arquero,28,Argentina,"175,000"
TIGRE,"Zenobio, Felipe",Arquero,24,Argentina,"800,000"
TIGRE,"Arias, Ramón",Defensor central,32,Uruguay,"450,000"
TIGRE,"Banegas, Nahuel",Lateral izquierdo,28,Argentina,"800,000"
TIGRE,"Cavanagh, Tomás",Lateral izquierdo,23,Argentina,"200,000"
TIGRE,"Fernández, Tomás",Defensor central,20,Argentina,"100,000"
TIGRE,"Garay, Martín",Lateral derecho,25,Argentina,"1,300,000"
TIGRE,"Leizza, Brian",Defensor central,24,Argentina,"350,000"
TIGRE,"Marchese, Ángelo",Lateral izquierdo,20,Argentina,"150,000"
TIGRE,"Minissale, Pablo",Defensor central,23,Argentina,"300,000"
TIGRE,"Moreno, Valentín",Lateral derecho,21,Argentina,"20,000"
TIGRE,"Nardelli, Gian",Defensor central,24,Argentina,"375,000"
TIGRE,"Ortega, Martín",Lateral derecho,25,Argentina,"2,000,000"
TIGRE,"Paz, Nehuén",Defensor central,31,Argentina,"100,000"
TIGRE,"Cardozo, Agustín",Volante,27,Argentina,"1,500,000"
TIGRE,"Chávez, Tomás",Volante,19,Argentina,"20,000"
TIGRE,"Espíndola, Matías",Mediocampista ofensivo,20,Argentina,"75,000"
TIGRE,"Forclaz, Ezequiel",Mediocampista ofensivo,21,Argentina,"700,000"
TIGRE,"Galván, Tomás",Mediocampista ofensivo,24,Argentina,"2,200,000"
TIGRE,"González, Santiago",Volante,21,Argentina,"350,000"
TIGRE,"Maroni, Gonzalo",Mediocampista ofensivo,25,Argentina,"2,800,000"
TIGRE,"Medina, Sebastián",Interior izquierdo,24,Argentina,"300,000"
TIGRE,"Miranda, Leonel",Volante,30,Argentina,"500,000"
TIGRE,"Scipioni, Lorenzo",Volante,19,Argentina,"20,000"
TIGRE,"Armoa, Blas",Wing izquierdo,24,Paraguay,"2,000,000"
TIGRE,"Benítez, Romeo",Wing izquierdo,21,Paraguay,"1,500,000"
TIGRE,"Contín, Nicolás",Delantero centro,28,Argentina,"250,000"
TIGRE,"Ferreyra, Facundo",Delantero centro,33,Argentina,"125,000"
TIGRE,"Monzón, Florián",Delantero centro,23,Argentina,"1,500,000"
TIGRE,"Protti, Ijiel",Delantero centro,29,Argentina,"225,000"
TIGRE,"Ramírez, Eric",Delantero centro,25,Venezuela,"700,000"
TIGRE,"Sarmiento, Darío",Wing derecho,21,Argentina,"1,000,000"
TIGRE,"Viganoni, Camilo",Delantero centro,20,Argentina,"50,000"
UNIÓN,"Campisi, Nicolás",Arquero,28,Argentina,"800,000"
UNIÓN,"Cardozo, Thiago",Arquero,28,Uruguay,"1,500,000"
UNIÓN,"Chávez, Agustín",Arquero,19,Argentina,"20,000"
UNIÓN,"Meuli, Lucas",Arquero,23,Argentina,"25,000"
UNIÓN,"Corvalán, Claudio",Lateral izquierdo,35,Argentina,"275,000"
UNIÓN,"Fascendini, Valentín",Defensor central,21,Argentina,"50,000"
UNIÓN,"Gerometta, Francisco",Lateral derecho,25,Argentina,"300,000"
UNIÓN,"Ludueña, Juan Pablo",Defensor central,21,Argentina,"50,000"
UNIÓN,"Pardo, Franco",Defensor central,27,Argentina,"2,000,000"
UNIÓN,"Paz, Nicolás",Lateral derecho,22,Argentina,"1,800,000"
UNIÓN,"Pittón, Bruno",Lateral izquierdo,31,Argentina,"500,000"
UNIÓN,"Profini, Rafael",Defensor central,21,Argentina,"25,000"
UNIÓN,"Torrén, Miguel Ángel",Defensor central,36,Argentina,"200,000"
UNIÓN,"Vargas, Lautaro",Lateral derecho,19,Argentina,"500,000"
UNIÓN,"Banega, Tiago",Pivote,25,Argentina,"175,000"
UNIÓN,"Bircher, Juan Ignacio",Volante,19,Argentina,"25,000"
UNIÓN,"Del Blanco, Mateo",Interior izquierdo,21,Argentina,"550,000"
UNIÓN,"Mosqueira, Joaquín",Pivote,20,Argentina,"2,500,000"
UNIÓN,"Pittón, Mauro",Pivote,30,Argentina,"1,800,000"
UNIÓN,"Roldán, Enzo",Volante,23,Argentina,"1,000,000"
UNIÓN,"Tanda, Patricio",Pivote,22,Argentina,"125,000"
UNIÓN,"Verde, Lionel",Volante,20,Argentina,"25,000"
UNIÓN,"Balboa, Adrián",Delantero centro,30,Uruguay,"800,000"
UNIÓN,"Dómina, Jerónimo",Delantero centro,19,Argentina,"3,200,000"
UNIÓN,"Gamba, Lucas",Delantero centro,37,Argentina,"200,000"
UNIÓN,"Morales, Gonzalo",Delantero centro,21,Argentina,"2,000,000"
UNIÓN,"Orsini, Nicolás",Delantero centro,30,Argentina,"400,000"
UNIÓN,"Rivero, Simón",Volante,21,Argentina,"600,000"
UNIÓN,"Vanetta, José",Wing izquierdo,22,Argentina,"20,000"
VÉLEZ,"Garzón, Lautaro",Arquero,21,Argentina,"225,000"
VÉLEZ,"Gómez Riga, Emmanuel",Arquero,23,Argentina,"25,000"
VÉLEZ,"Marchiori, Tomás",Arquero,29,Argentina,"3,800,000"
VÉLEZ,"Rodríguez, Randall",Arquero,20,Uruguay,"300,000"
VÉLEZ,"Fernández, Damián",Defensor central,23,Argentina,"1,500,000"
VÉLEZ,"García, Joaquín",Lateral derecho,23,Argentina,"2,800,000"
VÉLEZ,"Gómez, Elías",Lateral izquierdo,30,Argentina,"1,000,000"
VÉLEZ,"Gómez, Valentín",Defensor central,21,Argentina,"9,000,000"
VÉLEZ,"Guidara, Tomás",Lateral derecho,28,Argentina,"800,000"
VÉLEZ,"Jara, Leonardo",Lateral derecho,33,Argentina,"200,000"
VÉLEZ,"Lagos, Agustín",Lateral derecho,23,Argentina,"450,000"
VÉLEZ,"Mammana, Emanuel",Defensor central,28,Argentina,"2,800,000"
VÉLEZ,"Pernicone, Patricio",Defensor central,23,Argentina,"50,000"
VÉLEZ,"Quirós, Aarón",Defensor central,23,Argentina,"4,500,000"
VÉLEZ,"Aquino, Claudio",Mediapunta,33,Argentina,"1,800,000"
VÉLEZ,"Cáseres, Santiago",Pivote,27,Argentina,"1,000,000"
VÉLEZ,"Elías, Jalil",Pivote,28,Siria,"3,000,000"
VÉLEZ,"Fernández, Thiago",Wing izquierdo,20,Argentina,"5,000,000"
VÉLEZ,"Montoro, Álvaro",Wing izquierdo,17,Argentina,"700,000"
VÉLEZ,"Ordóñez, Christian",Volante,20,Argentina,"5,000,000"
VÉLEZ,"Roldán, Leonel",Pivote,20,Argentina,"100,000"
VÉLEZ,"Bosch, Benjamín",Wing derecho,19,Argentina,"100,000"
VÉLEZ,"Bouzat, Agustín",Pivote,30,Argentina,"450,000"
VÉLEZ,"Carrizo, Maher",Delantero centro,18,Argentina,"100,000"
VÉLEZ,"Pellegrini, Matías",Wing izquierdo,24,Argentina,"1,700,000"
VÉLEZ,"Pizzini, Francisco",Wing derecho,31,Argentina,"2,700,000"
VÉLEZ,"Piñeiro, Rodrigo",Wing derecho,25,Uruguay,"800,000"
VÉLEZ,"Romero, Braian",Delantero centro,33,Argentina,"1,300,000"
VÉLEZ,"Santos, Michael",Delantero centro,31,Uruguay,"1,500,000"